Tournament,PlayerID,Name,FName,Club,Lineup,Position,Price
1000694,23044,Stones,John,MCI,unexpected,defender,5.5
1000694,23059,Coleman,Seamus,EVE,unexpected,defender,4
1000694,23076,Maguire,Harry,MUN,expected,defender,4.5
1000694,23117,Milner,James,BHA,unexpected,midfielder,4.5
1000694,23120,Gomez,Joe,LIV,unexpected,defender,5
1000694,23148,Zinchenko,Oleksandr,ARS,unexpected,defender,5.5
1000694,23153,Sterling,Raheem,CHE,unexpected,midfielder,5.5
1000694,23188,Shaw,Luke,MUN,possible,defender,5
1000694,23238,van Dijk,Virgil,LIV,expected,defender,6
1000694,23260,Walker,Kyle,BUR,expected,defender,4.5
1000694,23287,Tarkowski,James,EVE,expected,defender,4.5
1000694,23326,Iwobi,Alex,FUL,expected,midfielder,6.5
1000694,23331,Welbeck,Danny,BHA,possible,forward,6
1000694,23346,Ake,Nathan,MCI,unexpected,defender,5
1000694,23404,Ward-Prowse,James,WHU,expected,midfielder,5
1000694,23433,Pickford,Jordan,EVE,expected,goalkeeper,5.5
1000694,23472,Son,Heung-Min,TOT,unexpected,midfielder,8
1000694,23490,Davies,Ben,TOT,unexpected,defender,4.5
1000694,24083,Chilwell,Ben,CHE,unexpected,defender,5
1000694,24087,Pope,Nick,NEW,expected,goalkeeper,5.5
1000694,32948,Wan-Bissaka,Aaron,WHU,expected,defender,5
1000694,32973,Rice,Declan,ARS,expected,midfielder,6.5
1000694,32986,Jesus,Gabriel,ARS,injured,forward,6.5
1000694,45008,Dunk,Lewis,BHA,expected,defender,4.5
1000694,45018,March,Solly,BHA,unexpected,midfielder,5.5
1000694,45036,Hughes,Will,CRY,expected,midfielder,4.5
1000694,45039,Barnes,Harvey,NEW,possible,midfielder,6.5
1000694,45072,Lascelles,Jamaal,NEW,possible,defender,4.5
1000694,45081,Silva,Bernardo,MCI,expected,midfielder,6
1000694,45106,Salah,Mohamed,LIV,expected,midfielder,13.5
1000694,45113,Ederson,Ederson,MCI,expected,goalkeeper,6
1000694,45120,Robertson,Andrew,LIV,possible,defender,5.5
1000694,45474,Richarlison,Richarlison,TOT,expected,forward,7
1000694,46637,Walker-Peters,Kyle,WHU,expected,defender,4.5
1000694,55898,Foden,Phil,MCI,possible,midfielder,9
1000694,57345,Wood,Chris,NTG,expected,forward,7.5
1000694,69539,Hudson-Odoi,Callum,NTG,expected,midfielder,6
1000694,76982,Nketiah,Eddie,CRY,possible,forward,5.5
1000694,77164,Nelson,Reiss,ARS,unexpected,midfielder,5.5
1000694,77662,Dubravka,Martin,NEW,unexpected,goalkeeper,5
1000694,84632,Willock,Joe,NEW,unexpected,midfielder,4.5
1000694,88449,Diop,Issa,FUL,unexpected,defender,4
1000694,88472,Leno,Bernd,FUL,expected,goalkeeper,4.5
1000694,88492,Maddison,James,TOT,possible,midfielder,6.5
1000694,88528,Jimenez,Raul,FUL,expected,forward,6
1000694,88531,Gibbs-White,Morgan,NTG,expected,midfielder,7
1000694,88556,Boly,Willy,NTG,unexpected,defender,4
1000694,90433,Bissouma,Yves,TOT,unexpected,midfielder,4.5
1000694,90826,Alisson,Becker,LIV,expected,goalkeeper,6
1000694,91161,Schar,Fabian,NEW,expected,defender,5.5
1000694,91483,Digne,Lucas,AV,expected,defender,5
1000694,92386,Targett,Matt,NEW,unexpected,defender,4.5
1000694,92389,Kovacic,Mateo,MCI,injured,midfielder,6
1000694,92390,Arrizabalaga,Kepa,ARS,unexpected,goalkeeper,5.5
1000694,92413,Dendoncker,Leander,AV,unexpected,midfielder,4.5
1000694,92423,Burn,Dan,NEW,expected,defender,5
1000694,95817,Longstaff,Sean,LEE,expected,midfielder,4.5
1000694,96761,McNeil,Dwight,EVE,expected,midfielder,6
1000694,106430,Saka,Bukayo,ARS,expected,midfielder,10
1000694,106466,Kilman,Max,WHU,expected,defender,4.5
1000694,110910,Tielemans,Youri,AV,expected,midfielder,6
1000694,131313,Martinez,Emiliano,AV,suspended,goalkeeper,5
1000694,131314,Mings,Tyrone,AV,possible,defender,5
1000694,131333,McGinn,John,AV,expected,midfielder,5.5
1000694,131338,Grealish,Jack,MCI,unexpected,midfielder,6
1000694,132424,Trossard,Leandro,ARS,possible,midfielder,7.5
1000694,132974,Rodri,Rodri,MCI,possible,midfielder,6
1000694,134708,Konsa,Ezri,AV,expected,defender,5
1000694,137599,Joelinton,Joelinton,NEW,expected,midfielder,5.5
1000694,137863,Henderson,Dean,CRY,expected,goalkeeper,5
1000694,139207,Neto,Pedro,CHE,expected,midfielder,7
1000694,139208,Webster,Adam,BHA,injured,defender,4.5
1000694,139802,Mount,Mason,MUN,possible,midfielder,5.5
1000694,139838,Krafth,Emil,NEW,unexpected,defender,4.5
1000694,140008,Martinelli,Gabriel,ARS,expected,midfielder,7.5
1000694,140028,Kelleher,Caoimhin,BRE,expected,goalkeeper,4.5
1000694,140080,Ramsdale,Aaron,NEW,unexpected,goalkeeper,5
1000694,148332,James,Reece,CHE,expected,defender,5.5
1000694,154682,Jones,Curtis,LIV,expected,midfielder,5.5
1000694,156926,Williams,Neco,NTG,expected,defender,5
1000694,156990,Lamptey,Tariq,BHA,unexpected,defender,4.5
1000694,160700,Soucek,Tomas,WHU,possible,midfielder,6
1000694,160701,Fernandes,Bruno,MUN,expected,midfielder,8.5
1000694,161049,Bowen,Jarrod,WHU,expected,midfielder,8
1000694,163914,Mac Allister,Alexis,LIV,expected,midfielder,6
1000694,164449,Pedro,Joao,CHE,expected,forward,7.5
1000694,174861,Mitchell,Tyrick,CRY,expected,defender,5
1000694,176641,White,Ben,ARS,expected,defender,6
1000694,176648,Phillips,Kalvin,MCI,unexpected,midfielder,4.5
1000694,176811,Heaton,Tom,MUN,unexpected,goalkeeper,4
1000694,177020,Veltman,Joel,BHA,unexpected,defender,4.5
1000694,178132,Tsimikas,Konstantinos,LIV,unexpected,defender,5
1000694,180321,Eze,Eberechi,CRY,expected,midfielder,7.5
1000694,181081,Magalhaes,Gabriel,ARS,expected,defender,6
1000694,181873,Cash,Matty,AV,expected,defender,5
1000694,182119,Castagne,Timothy,FUL,unexpected,defender,4.5
1000694,182529,Havertz,Kai,ARS,expected,forward,8
1000694,182752,Silva,Fábio ,WOL,unexpected,forward,6
1000694,183114,Watkins,Ollie,AV,expected,forward,9.5
1000694,183126,Areola,Alphonse,WHU,expected,goalkeeper,4.5
1000694,184652,Hoever,Ki-Jana,WOL,expected,defender,4
1000694,185623,Murphy,Jacob,NEW,expected,midfielder,6.5
1000694,186002,Ramsey,Jacob,AV,expected,midfielder,5.5
1000694,186737,Dias,Ruben,MCI,expected,defender,6
1000694,186823,Fofana,Wesley,CHE,unexpected,defender,5
1000694,187323,Ait Nouri,Rayan,MCI,expected,defender,6
1000694,187804,Andersen,Joachim,FUL,expected,defender,4.5
1000694,189201,Clyne,Nathaniel,CRY,unexpected,defender,4
1000694,192195,Henry,Rico,BRE,unexpected,defender,4.5
1000694,192197,Pinnock,Ethan,BRE,unexpected,defender,4.5
1000694,192201,Norgaard,Christian,ARS,possible,midfielder,5
1000694,192204,Roerslev,Mads,BRE,unexpected,defender,4.5
1000694,192208,Raya,David,ARS,expected,goalkeeper,6
1000694,192210,Jensen,Mathias,BRE,expected,midfielder,4.5
1000694,192211,Janelt,Vitaly,BRE,possible,midfielder,4.5
1000694,192214,Mbeumo,Bryan,MUN,expected,midfielder,9
1000694,192735,Buendia,Emiliano,AV,unexpected,midfielder,5
1000694,192955,Williams,Rhys,LIV,unexpected,defender,4.5
1000694,192988,Sánchez,Robert,CHE,expected,goalkeeper,5.5
1000694,197282,Steele,Jason,BHA,unexpected,goalkeeper,4
1000694,197966,Smith Rowe,Emile,FUL,expected,midfielder,6
1000694,198784,Diallo,Amad,MUN,expected,midfielder,7.5
1000694,200376,Anderson,Elliot,NTG,expected,midfielder,5.5
1000694,201968,Mateta,Jean-Philippe,CRY,expected,forward,7
1000694,201990,Odegaard,Martin,ARS,expected,midfielder,7
1000694,203010,Caicedo,Moises,CHE,expected,midfielder,5
1000694,219749,Elanga,Anthony,NEW,possible,midfielder,7
1000694,225319,Konate,Ibrahima,LIV,expected,defender,5.5
1000694,225321,Dennis,Emmanuel,NTG,unexpected,forward,5
1000694,228177,Sancho,Jadon,MUN,unexpected,midfielder,6
1000694,230737,Travers,Mark,EVE,unexpected,goalkeeper,4.5
1000694,230738,Mepham,Chris,BOU,unexpected,defender,4.5
1000694,230742,Smith,Adam,BOU,expected,defender,4.5
1000694,230744,Lerma,Jefferson,CRY,possible,midfielder,4.5
1000694,230745,Billing,Philip,BOU,possible,midfielder,4.5
1000694,230747,Cook,Lewis,BOU,suspended,midfielder,5
1000694,230752,Brooks,David,BOU,unexpected,midfielder,5
1000694,230753,Solanke,Dominic,TOT,possible,forward,7.5
1000694,230755,Anthony,Jaidon,BUR,expected,midfielder,6
1000694,230938,Spence,Djed,TOT,expected,defender,4.5
1000694,230975,Worrall,Joe,BUR,unexpected,defender,4
1000694,230985,Yates,Ryan,NTG,possible,midfielder,4.5
1000694,230991,Johnson,Brennan,TOT,possible,midfielder,7
1000694,231147,Adarabioyo,Tosin,CHE,unexpected,defender,5
1000694,231153,Robinson,Antonee,FUL,expected,defender,5
1000694,231155,Tete,Kenny,FUL,expected,defender,4.5
1000694,231160,Reed,Harrison,FUL,unexpected,midfielder,4.5
1000694,231167,Carvalho,Fabio,BRE,expected,midfielder,5
1000694,231959,Sa,Jose,WOL,expected,goalkeeper,4.5
1000694,231961,Guehi,Marc,CRY,expected,defender,5
1000694,233400,Lokonga,Albert Sambi,ARS,unexpected,midfielder,5
1000694,233401,Onyeka,Frank,BRE,unexpected,midfielder,4.5
1000694,234793,Wilson,Harry,FUL,expected,midfielder,5.5
1000694,234799,Ajer,Kristoffer,BRE,unexpected,defender,4.5
1000694,234803,Collins,Nathan,BRE,expected,defender,5
1000694,237976,Livramento,Valentino,NEW,expected,defender,5
1000694,237977,Bettinelli,Marcus,MCI,unexpected,goalkeeper,5
1000694,240547,Bailey,Leon,AV,unexpected,midfielder,6
1000694,241952,Romero,Cristian,TOT,expected,defender,5
1000694,241953,Elliott,Harvey,LIV,unexpected,midfielder,5.5
1000694,242869,Broja,Armando,CHE,unexpected,forward,5
1000694,242870,Gordon,Anthony,NEW,expected,midfielder,7.5
1000694,242875,Branthwaite,Jarrad,EVE,expected,defender,4.5
1000694,242878,Dewsbury-Hall,Kiernan,CHE,unexpected,midfielder,5
1000694,242906,Palmer,Cole,CHE,expected,midfielder,11
1000694,242908,Dalot,Diogo,MUN,possible,defender,5
1000694,242909,Pereira,Andreas,FUL,possible,midfielder,5.5
1000694,242911,Wissa,Yoane,BRE,expected,forward,7.5
1000694,242981,Chalobah,Trevoh,CHE,expected,defender,5
1000694,255546,Garner,James,EVE,expected,midfielder,4.5
1000694,256300,Cornet,Maxwel,WHU,unexpected,midfielder,4.5
1000694,257178,Hwang,Hee-chan,WOL,unexpected,midfielder,5.5
1000694,257179,Cucurella,Marc,CHE,expected,defender,5.5
1000694,257274,Edouard,Odsonne,CRY,unexpected,forward,5
1000694,258290,Christie,Ryan,BOU,unexpected,midfielder,5
1000694,272775,Sarmiento,Jeremy,BHA,unexpected,midfielder,4.5
1000694,273787,Ashby,Harrison,NEW,unexpected,defender,4.5
1000694,274827,Mykolenko,Vitaliy,EVE,expected,defender,4.5
1000694,274923,Patterson,Nathan,EVE,possible,defender,4.5
1000694,278659,Trippier,Kieran,NEW,expected,defender,5
1000694,280711,Gomes,Toti,WOL,expected,defender,4.5
1000694,280848,Hill,James,BOU,possible,defender,4
1000694,283020,Guimaraes,Bruno,NEW,expected,midfielder,6
1000694,291491,Kulusevski,Dejan,TOT,injured,midfielder,6.5
1000694,291492,Bentancur,Rodrigo,TOT,expected,midfielder,4.5
1000694,495578,Iroegbunam,Timothy,EVE,unexpected,midfielder,4.5
1000694,1214404,Garnacho,Alejandro,MUN,unexpected,midfielder,6.5
1000694,1677493,Saliba,William,ARS,expected,defender,6
1000694,1677500,Nunez,Darwin,LIV,unexpected,forward,7
1000694,1677501,Haaland,Erling,MCI,expected,forward,13
1000694,1677507,Austin,Brandon,TOT,unexpected,goalkeeper,4
1000694,1681493,Vieira,Fabio,ARS,unexpected,midfielder,5.5
1000694,1695163,Enciso,Julio,BHA,injured,midfielder,5
1000694,1695166,Aguerd,Nayef,WHU,possible,defender,4.5
1000694,1697059,Kamara,Boubacar,AV,expected,midfielder,4.5
1000694,1727417,Awoniyi,Taiwo,NTG,unexpected,forward,5.5
1000694,1727418,Adingra,Simon,SUN,expected,midfielder,5.5
1000694,1727420,Ebiowei,Malcolm,CRY,unexpected,midfielder,4.5
1000694,1727421,Botman,Sven,NEW,possible,defender,5
1000694,1758327,Ortega,Stefan,MCI,unexpected,goalkeeper,5.5
1000694,1758328,Johnstone,Sam,WOL,unexpected,goalkeeper,4.5
1000694,1777193,Malacia,Tyrell,MUN,unexpected,defender,4
1000694,1783652,Mitoma,Kaoru,BHA,expected,midfielder,6.5
1000694,1783661,Lavia,Romeo,CHE,unexpected,midfielder,4.5
1000694,1783664,Sarr,Pape,TOT,expected,midfielder,5
1000694,1783667,Sinisterra,Luis,BOU,unexpected,midfielder,5
1000694,1783669,Adams,Tyler,BOU,expected,midfielder,4.5
1000694,1803644,Richards,Omar,NTG,unexpected,defender,4
1000694,1803646,Hickey,Aaron,BRE,possible,defender,4
1000694,1812135,Doucoure,Cheick,CRY,injured,midfielder,4.5
1000694,1814996,Lewis-Potter,Keane,BRE,expected,defender,5
1000694,1818085,Martinez,Lisandro,MUN,injured,defender,4.5
1000694,1897014,Solomon,Manor,TOT,unexpected,midfielder,6
1000694,1908560,Richards,Chris,CRY,expected,defender,4.5
1000694,1954998,Tavernier,Marcus,BOU,expected,midfielder,5.5
1000694,2018115,Senesi,Marcos,BOU,expected,defender,4.5
1000694,2018116,Onana,Amadou,AV,possible,midfielder,4.5
1000694,2019410,Neto,Neto,BOU,unexpected,goalkeeper,4.5
1000694,2024700,Colwill,Levi,CHE,expected,defender,5
1000694,2064482,Damsgaard,Mikkel,BRE,expected,midfielder,6
1000694,2087563,Lewis,Rico,MCI,unexpected,defender,5.5
1000694,2098573,Gil,Bryan,TOT,unexpected,midfielder,5
1000694,2139824,Nunes,Matheus,MCI,expected,defender,6
1000694,2170280,Casemiro,Casemiro,MUN,expected,midfielder,4.5
1000694,2193866,Palmieri,Emerson,WHU,unexpected,defender,4.5
1000694,2200000,Isak,Alexander,NEW,unexpected,forward,10.5
1000694,2207564,Bajcetic,Stefan,LIV,unexpected,midfielder,4.5
1000694,2209114,van Hecke,Jan Paul,BHA,expected,defender,4.5
1000694,2229322,Antony,Antony,MUN,unexpected,midfielder,5.5
1000694,2235927,Paqueta,Lucas,WHU,expected,midfielder,5.5
1000694,2253849,Kalajdzic,Sasa,WOL,unexpected,forward,5
1000694,2258875,Akanji,Manuel,MCI,unexpected,defender,5.5
1000694,2268238,Gueye,Idrissa,EVE,expected,midfielder,4.5
1000694,2584318,H.Bueno,Hugo,WOL,possible,defender,4.5
1000694,2624511,Yarmolyuk,Yegor,BRE,expected,midfielder,4.5
1000694,2707125,Hall,Lewis,NEW,unexpected,defender,5.5
1000694,2818755,Gakpo,Cody,LIV,expected,midfielder,7.5
1000694,2818756,Fofana,David Datro,CHE,unexpected,forward,5
1000694,2818757,Buonanotte,Facundo,BHA,unexpected,midfielder,5
1000694,2833740,Schade,Kevin,BRE,expected,midfielder,6
1000694,2840078,Badiashile,Benoit,CHE,unexpected,defender,5
1000694,2840080,Santos,Andrey,CHE,unexpected,midfielder,4.5
1000694,2853884,Moreno,Alex,AV,unexpected,defender,4.5
1000694,2853885,Alcaraz,Carlos,EVE,expected,midfielder,5
1000694,2867399,Mudryk,Mykhailo,CHE,suspended,midfielder,5.5
1000694,2882402,Ouattara,Dango,BOU,possible,midfielder,6
1000694,2882403,Madueke,Noni,ARS,unexpected,midfielder,6.5
1000694,2893237,Kiwior,Jakub,ARS,unexpected,defender,5.5
1000694,2911676,Bentley,Daniel,WOL,unexpected,goalkeeper,4
1000694,2930166,Semenyo,Antoine,BOU,expected,midfielder,7
1000694,2930169,Ayari,Yasin,BHA,expected,midfielder,4.5
1000694,2930170,Gomes,Joao,WOL,expected,midfielder,5
1000694,2930172,Lukic,Sasa,FUL,expected,midfielder,4.5
1000694,2930173,Zabarnyi,Illia,BOU,expected,defender,4.5
1000694,2930174,Ahamada,Naouirou,CRY,unexpected,midfielder,4.5
1000694,2930176,Traore,Hamed ,BOU,unexpected,midfielder,5.5
1000694,2930177,Porro,Pedro,TOT,expected,defender,5.5
1000694,2930183,Fernandez,Enzo,CHE,expected,midfielder,7
1000694,3556528,Gusto,Malo,CHE,expected,defender,5
1000694,3556529,Udogie,Destiny,TOT,unexpected,defender,5
1000694,3556532,Sima,Abdallah,BHA,unexpected,midfielder,5
1000694,3556539,Muniz,Rodrigo,FUL,unexpected,forward,5.5
1000694,3584337,Cullen,Josh,BUR,expected,midfielder,4.5
1000694,3584350,Foderingham,Wes,WHU,unexpected,goalkeeper,4
1000694,3584351,Ekdal,Hjalmar,BUR,expected,defender,4
1000694,3584353,Berge,Sander,FUL,expected,midfielder,4.5
1000694,3584356,Beyer,Jordan,BUR,unexpected,defender,4
1000694,3584363,Foster,Lyle,BUR,unexpected,forward,5.5
1000694,3584367,Manuel,Benson ,BUR,unexpected,midfielder,4.5
1000694,3584389,Osula,William,NEW,expected,forward,5
1000694,3584407,Nkunku,Christopher,CHE,unexpected,midfielder,6
1000694,3584408,Kluivert,Justin,BOU,expected,midfielder,6.5
1000694,3584409,Vicario,Guglielmo,TOT,expected,goalkeeper,5
1000694,3590554,Jackson,Nicolas,CHE,suspended,forward,6.5
1000694,3590555,Szoboszlai,Dominik,LIV,expected,midfielder,6
1000694,3591232,Tonali,Sandro,NEW,expected,midfielder,5.5
1000694,3591888,Verbruggen,Bart,BHA,expected,goalkeeper,4.5
1000694,3627793,Cunha,Matheus,MUN,expected,forward,8
1000694,3627877,Torres,Pau,AV,expected,defender,5
1000694,3627958,Timber,Jurrien,ARS,unexpected,defender,6
1000694,3628155,Kerkez,Milos,LIV,expected,defender,6
1000694,3628161,Amdouni,Zeki,BUR,unexpected,forward,5.5
1000694,3628567,Trafford,James,MCI,unexpected,goalkeeper,4.5
1000694,3628568,Doherty,Matt,WOL,expected,defender,4.5
1000694,3628569,Onana,Andre,MUN,unexpected,goalkeeper,5
1000694,3628750,Aina,Ola,NTG,expected,defender,5
1000694,3629364,Julio,Igor,BHA,unexpected,defender,4.5
1000694,3629422,Maatsen,Ian,AV,possible,defender,5
1000694,3629982,Bassey,Calvin,FUL,expected,defender,4.5
1000694,3631216,Ugochukwu,Lesley,CHE,unexpected,midfielder,4.5
1000694,3634178,Disasi,Axel,CHE,unexpected,defender,4.5
1000694,3634364,Gvardiol,Josko,MCI,expected,defender,6.5
1000694,3634387,Hojlund,Rasmus,MUN,possible,forward,6
1000694,3634426,Franca,Matheus,CRY,unexpected,midfielder,5
1000694,3638005,van de Ven,Micky,TOT,expected,defender,5
1000694,3638248,Barkley,Ross,AV,unexpected,midfielder,4.5
1000694,3638504,Alvarez,Edson,WHU,expected,midfielder,4.5
1000694,3638526,Scott,Alex,BOU,expected,midfielder,4.5
1000694,3638749,Chermiti,Chermiti,EVE,unexpected,forward,5
1000694,3638774,Koleosho,Luca,BUR,unexpected,midfielder,5
1000694,3638859,McAtee,James,MCI,unexpected,midfielder,5.5
1000694,3638866,Hein,Karl ,ARS,unexpected,goalkeeper,5
1000694,3638871,Odobert,Wilson,TOT,possible,midfielder,5.5
1000694,3639047,Traore,Adama,FUL,possible,midfielder,5.5
1000694,3639127,Doak,Ben ,LIV,unexpected,midfielder,5
1000694,3640757,Dobbin,Lewis,AV,unexpected,midfielder,4.5
1000694,3643150,Endo,Wataru,LIV,unexpected,midfielder,4.5
1000694,3645684,Rak-Sakyi,Jesurun,CRY,unexpected,midfielder,4.5
1000694,3646515,Delcroix,Hannes,BUR,unexpected,defender,4
1000694,3646579,Mavropanos,Konstantinos,WHU,expected,defender,4.5
1000694,3646973,Ramsey,Aaron,BUR,unexpected,midfielder,4.5
1000694,3647914,Doku,Jeremy,MCI,expected,midfielder,7.5
1000694,3648390,Petrovic,Djordje,BOU,expected,goalkeeper,5
1000694,3649502,Kudus,Mohammed,TOT,expected,midfielder,7.5
1000694,3650885,Beto,Beto,EVE,expected,forward,6.5
1000694,3651385,Baleba,Carlos,BHA,expected,midfielder,4.5
1000694,3651663,Bueno,Santiago,WOL,unexpected,defender,4.5
1000694,3651901,Murillo,Murillo,NTG,expected,defender,5
1000694,3651912,Irving,Andrew,WHU,unexpected,midfielder,4.5
1000694,3651913,Bayindir,Altay,MUN,expected,goalkeeper,4.5
1000694,3652110,Dominguez,Nicolas,NTG,injured,midfielder,4.5
1000694,3652436,Gravenberch,Ryan,LIV,suspended,midfielder,5
1000694,3652437,Vlachodimos,Odysseas,NEW,unexpected,goalkeeper,4.5
1000694,3652439,Tresor,Mike,BUR,unexpected,midfielder,5
1000694,3652440,Bellegarde,Jeanricner,WOL,expected,midfielder,5.5
1000694,3652441,Sangare,Ibrahim,NTG,expected,midfielder,4.5
1000694,3652667,Bobb,Oscar,MCI,unexpected,midfielder,5.5
1000694,3663310,Mejbri,Hannibal,BUR,expected,midfielder,4.5
1000694,3674479,Hinshelwood,Jack,BHA,expected,midfielder,5.5
1000694,3709125,Miley,Lewis,NEW,unexpected,midfielder,4.5
1000694,3715024,Mainoo,Kobbie,MUN,unexpected,midfielder,4.5
1000694,3736591,Gilchrist,Alfie,CHE,unexpected,defender,4.5
1000694,3737495,Mosquera,Yerson,WOL,unexpected,defender,4
1000694,3744084,Bradley,Conor,LIV,possible,defender,5
1000694,3745030,Dragusin,Radu,TOT,injured,defender,4.5
1000694,3757741,Valdimarsson,Hakon Rafn,BRE,unexpected,goalkeeper,4
1000694,3762190,Munoz,Daniel,CRY,expected,defender,5.5
1000694,3762527,Faivre,Romain,BOU,unexpected,midfielder,4.5
1000694,3762913,Rogers,Morgan,AV,expected,midfielder,7.5
1000694,3763100,Wharton,Adam,CRY,expected,midfielder,4.5
1000694,3763423,Esteve,Maxime,BUR,expected,defender,4
1000694,3763425,Unal,Enes,BOU,injured,forward,5.5
1000694,3763426,Sels,Matz,NTG,expected,goalkeeper,5.5
1000694,3879483,van den Berg,Sepp,BRE,expected,defender,4.5
1000694,3879485,Kabore,Issa,MCI,unexpected,defender,4.5
1000694,3879488,Guiu,Marc,CHE,unexpected,forward,5
1000694,3879490,Bergvall,Lucas,TOT,expected,midfielder,4.5
1000694,3879491,Gauci,Joe,AV,unexpected,goalkeeper,4.5
1000694,3879493,Iling-Junior,Samuel,AV,unexpected,midfielder,4.5
1000694,3879494,Minteh,Yankuba,BHA,expected,midfielder,6
1000694,3879496,Moran,Andrew,BHA,unexpected,midfielder,4.5
1000694,3879497,Riad,Chadi,CRY,injured,defender,4.5
1000694,3879498,Kamada,Daichi,CRY,possible,midfielder,5
1000694,3879499,Guilherme,dos Santos Luis,WHU,unexpected,midfielder,5
1000694,3879501,Paulsen,Alex,BOU,unexpected,goalkeeper,4
1000694,3879502,King,Tom,WOL,unexpected,goalkeeper,4
1000694,3879503,Lima,Cardoso Pedro,WOL,unexpected,defender,4
1000694,3879504,Gomes,Martins Rodrigo,WOL,expected,midfielder,4.5
1000694,3879506,Konak,Yunus Emre,BRE,unexpected,midfielder,4.5
1000694,3879507,Thiago,Igor,BRE,unexpected,forward,5.5
1000694,3879523,Gray,Archie,TOT,unexpected,midfielder,4.5
1000694,3879559,Tuanzebe,Axel,BUR,possible,defender,4
1000694,3893792,Larsen,Jorgen,WOL,expected,forward,6.5
1000694,3893793,Ndiaye,Iliman-Cheikh,EVE,expected,midfielder,6.5
1000694,3893796,Wieffer,Mats,BHA,possible,midfielder,4.5
1000694,3893798,Miguel,Carlos,NTG,unexpected,goalkeeper,4.5
1000694,3893800,Veiga,Renato,CHE,unexpected,defender,4.5
1000694,3893802,Yalcouye,Malick Junior,BHA,unexpected,midfielder,4.5
1000694,3893803,Delap,Liam,CHE,possible,forward,7
1000694,3893805,Zirkzee,Joshua,MUN,possible,forward,5.5
1000694,3893837,Milenkovic,Nikola,NTG,expected,defender,5.5
1000694,3893844,Yoro,Leny,MUN,expected,defender,4.5
1000694,3894951,Savinho,Savinho,MCI,expected,midfielder,7.5
1000694,3897776,Wiley,Caleb,CHE,unexpected,defender,4.5
1000694,3905453,Sessegnon,Ryan,FUL,possible,midfielder,5
1000694,3907046,Calafiori,Riccardo,ARS,unexpected,defender,5.5
1000694,3907762,O'Brien,Jake,EVE,expected,defender,4.5
1000694,3907764,Jorgensen,Filip,CHE,unexpected,goalkeeper,5
1000694,3912181,Cuenca,Jorge,FUL,unexpected,defender,4
1000694,3912182,Summerville,Crysencio,WHU,injured,midfielder,5
1000694,3912183,Sarr,Ismaila,CRY,expected,midfielder,7
1000694,3914553,Fullkrug,Niclas,WHU,expected,forward,6.5
1000694,3914568,Rodriguez,Guido,WHU,unexpected,midfielder,4.5
1000694,3920508,Todibo,Jean-Clair,WHU,expected,defender,4.5
1000694,3922518,Araujo,Julian,BOU,unexpected,defender,4.5
1000694,3922519,de Ligt,Matthijs,MUN,expected,defender,4.5
1000694,3922520,Mazraoui,Noussair,MUN,unexpected,defender,4.5
1000694,3923371,Gruda,Brajan,BHA,unexpected,midfielder,5
1000694,3924957,Silva,Jota,NTG,expected,midfielder,5
1000694,3924958,Gonzalez,Enso,WOL,unexpected,midfielder,4.5
1000694,3925510,Evanilson,Evanilson,BOU,expected,forward,6.5
1000694,3926696,Nedeljkovic,Kosta,AV,unexpected,defender,4.5
1000694,3932747,Rutter,Georginio,BHA,expected,forward,5.5
1000694,3936624,Gundogan,Ilkay,MCI,expected,midfielder,6
1000694,3937575,Armstrong,Harrison,EVE,unexpected,midfielder,4.5
1000694,3940833,O'Riley,Matt,BHA,expected,midfielder,4.5
1000694,3943790,Merino,Mikel,ARS,possible,midfielder,6.5
1000694,3943791,Kadioglu,Ferdi,BHA,possible,defender,4.5
1000694,3946037,Nunes,Gustavo,BRE,injured,midfielder,5
1000694,3946281,Chiesa,Federico,LIV,unexpected,midfielder,5.5
1000694,3947060,Matthews,Remi,CRY,unexpected,goalkeeper,4
1000694,3947465,Lacroix,Maxence,CRY,expected,defender,4.5
1000694,3947650,Ugarte,Manuel,MUN,expected,midfielder,4.5
1000694,3947663,Andre,Andre,WOL,expected,midfielder,4.5
1000694,3947674,Morato,Morato,NTG,unexpected,defender,4
1000694,3948113,Bogarde,Lamare,AV,unexpected,defender,4
1000694,3950498,Collyer,Toby,MUN,unexpected,midfielder,4.5
1000694,3963752,Nwaneri,Ethan,ARS,unexpected,midfielder,6
1000694,3973402,Lewis-Skelly,Myles,ARS,expected,defender,5.5
1000694,4008654,Moreira,Eric,NTG,unexpected,midfielder,4.5
1000694,4015014,Devenny,Justin,CRY,unexpected,midfielder,4.5
1000694,4015330,Kporha,Caleb,CRY,unexpected,defender,4
1000694,4033392,Maghoma,Paris,BRE,unexpected,midfielder,4.5
1000694,4034328,King,Joshua,FUL,unexpected,midfielder,4.5
1000694,4041566,Meghoma,Jayden,BRE,unexpected,defender,4
1000694,4042028,Casey,Kaelan,WHU,unexpected,defender,4
1000694,4042029,Scarles,Oliver,WHU,possible,defender,4
1000694,4045122,Godo,Martial,FUL,unexpected,forward,5
1000694,4049941,Acheampong,Josh,CHE,unexpected,defender,4.5
1000694,4050503,Gomez,Diego,BHA,unexpected,midfielder,4.5
1000694,4050504,Kinsky,Antonin,TOT,unexpected,goalkeeper,4.5
1000694,4051799,Agbadou,Emmanuel,WOL,expected,defender,4.5
1000694,4054387,Dennis,Will,BOU,unexpected,goalkeeper,4
1000694,4054393,Soler,Julio,BOU,unexpected,defender,4.5
1000694,4054663,Malen,Donyell,AV,unexpected,midfielder,6.5
1000694,4056075,Rodney,Kaden,CRY,unexpected,midfielder,4.5
1000694,4057087,Yang,Min-hyeok,TOT,unexpected,midfielder,4.5
1000694,4057260,O’Reilly,Nico,MCI,unexpected,midfielder,5.5
1000694,4057906,Esse,Romain,CRY,unexpected,midfielder,5
1000694,4058256,George,Tyrique,CHE,unexpected,midfielder,5
1000694,4058397,Khusanov,Abdukodir,MCI,unexpected,defender,5
1000694,4058541,Reis,Vitor,MCI,unexpected,defender,5
1000694,4059073,Marmoush,Omar,MCI,possible,forward,8
1000694,4060760,Garcia,Andres,AV,unexpected,defender,4.5
1000694,4068230,Scarlett,Dane,TOT,unexpected,forward,5
1000694,4068254,Kayode ,Michael,BRE,expected,defender,4.5
1000694,4069391,Danso,Kevin,TOT,unexpected,defender,4.5
1000694,4070128,Gonzalez,Nico,MCI,unexpected,midfielder,5
1000694,4070205,Munetsi,Marshall,WOL,expected,midfielder,5
1000694,4072114,Dorgu,Patrick,MUN,expected,defender,4.5
1000694,4072115,Tel,Mathys,TOT,expected,midfielder,6
1000694,4083701,Obi Martin,Chido,MUN,unexpected,forward,5
1000694,4101873,Akinmboni,Matai,BOU,unexpected,defender,4
1000694,4111078,Heaven,Ayden,MUN,unexpected,defender,4
1000694,4117736,Amass,Harry,MUN,unexpected,defender,4
1000694,4169942,Fredricson,Tyler,MUN,unexpected,defender,4
1000694,4213165,Anselmino,Aaron,CHE,unexpected,defender,4.5
1000694,4230500,Echeverri,Claudio,MCI,unexpected,midfielder,5
1000694,4293350,Mamardashvili,Giorgi,LIV,unexpected,goalkeeper,5.5
1000694,4293351,Pecsi,Armin,LIV,unexpected,goalkeeper,4.5
1000694,4293352,Woodman,Freddie,LIV,unexpected,goalkeeper,4
1000694,4293353,Ramsay,Calvin,LIV,unexpected,defender,4.5
1000694,4293354,Frimpong,Jeremie,LIV,expected,defender,6
1000694,4293355,Morton,Tyler,LIV,unexpected,midfielder,4.5
1000694,4293356,Wirtz,Florian,LIV,expected,midfielder,9
1000694,4293357,Wilson-Esbrand,Josh,MCI,unexpected,defender,4.5
1000694,4293358,Reijnders,Tijjani,MCI,expected,midfielder,6
1000694,4293359,Cherki,Rayan,MCI,unexpected,midfielder,7
1000694,4293360,Slonina,Gabriel,CHE,unexpected,goalkeeper,4.5
1000694,4293363,Essugo,Dario,CHE,unexpected,midfielder,4.5
1000694,4293364,Estevao,Estevao,CHE,unexpected,midfielder,6
1000694,4293366,Gillespie,Mark,NEW,unexpected,goalkeeper,4
1000694,4293368,Leon,Diego,MUN,unexpected,defender,4
1000694,4293372,Vuskovic,Luka,TOT,unexpected,defender,4
1000694,4293373,Devine,Alfie,TOT,unexpected,midfielder,4.5
1000694,4293374,Carmo,David,NTG,unexpected,defender,4
1000694,4293376,Stamenic,Marko,NTG,unexpected,midfielder,4.5
1000694,4293377,Coppola,Diego,BHA,unexpected,defender,4.5
1000694,4293378,Boscagli,Olivier,BHA,unexpected,defender,4.5
1000694,4293379,Watson,Tom,BHA,unexpected,midfielder,4.5
1000694,4293380,Tzimas,Stefanos,BHA,unexpected,forward,5
1000694,4293381,Kostoulas,Charalampos,BHA,unexpected,midfielder,5
1000694,4293382,Truffert,Adrien,BOU,expected,defender,4.5
1000694,4293383,Kroupi,Eli Junior,BOU,unexpected,forward,5
1000694,4293384,Tyrer,Harry,EVE,unexpected,goalkeeper,4
1000694,4293385,Kante,Mohamadou,WHU,unexpected,midfielder,4.5
1000694,4293386,Benitez,Walter,CRY,unexpected,goalkeeper,4.5
1000694,4293388,Cox,Matthew,BRE,unexpected,goalkeeper,4
1000694,4293389,Balcombe,Ellery,BRE,unexpected,goalkeeper,4
1000694,4293390,Peart-Harris,Myles,BRE,unexpected,midfielder,4.5
1000694,4293391,Donovan,Romelle,BRE,unexpected,midfielder,4.5
1000694,4293392,Milambo,Antoni,BRE,unexpected,midfielder,5.5
1000694,4293393,Chirewa,Tawanda,WOL,unexpected,midfielder,4.5
1000694,4293394,Lopez,Fer,WOL,unexpected,midfielder,5
1000694,4293395,Fraser,Nathan,WOL,unexpected,forward,5
1000694,4293396,Weiss,Max,BUR,expected,goalkeeper,4
1000694,4293397,Green,Etienne,BUR,unexpected,goalkeeper,4
1000694,4293398,Hladky,Vaclav,BUR,unexpected,goalkeeper,4
1000694,4293399,Hartman,Quilindschy,BUR,expected,defender,4.5
1000694,4293400,Humphreys,Bashir,BUR,unexpected,defender,4
1000694,4293401,Pires,Lucas,BUR,unexpected,defender,4
1000694,4293402,Dodgson,Owen,BUR,unexpected,defender,4
1000694,4293403,Roberts,Connor,BUR,unexpected,defender,4.5
1000694,4293404,Sonne,Oliver,BUR,unexpected,defender,4
1000694,4293405,Sambo,Shurandy,BUR,unexpected,defender,4
1000694,4293406,Laurent,Josh,BUR,expected,midfielder,4.5
1000694,4293407,Churlinov,Darko,BUR,unexpected,midfielder,4.5
1000694,4293408,Banel,Jaydon,BUR,unexpected,midfielder,4.5
1000694,4293409,Edwards,Marcus,BUR,expected,midfielder,5
1000694,4293410,Tchaouna,Loum,BUR,unexpected,midfielder,5
1000694,4293411,Flemming,Zian,BUR,possible,forward,6
1000694,4293413,Obafemi,Michael,BUR,unexpected,forward,5
1000694,4293414,Barnes,Ashley,BUR,unexpected,forward,5
1000694,4293415,Meslier,Illan,LEE,unexpected,goalkeeper,4.5
1000694,4293416,Darlow,Karl,LEE,expected,goalkeeper,4
1000694,4293417,Cairns,Alex,LEE,unexpected,goalkeeper,4
1000694,4293418,Nmecha,Lukas,LEE,unexpected,forward,5
1000694,4293419,Bornauw,Sebastiaan,LEE,possible,defender,4.5
1000694,4293420,Bijol,Jaka,LEE,injured,defender,4.5
1000694,4293421,Ampadu,Ethan,LEE,expected,defender,4.5
1000694,4293422,Strujik,Pascal,LEE,expected,defender,4.5
1000694,4293423,Rodon,Joe,LEE,expected,defender,4.5
1000694,4293425,Bogle,Jayden,LEE,expected,defender,4.5
1000694,4293426,Schmidt,Isaac,LEE,unexpected,defender,4
1000694,4293427,Tanaka,Ao,LEE,expected,midfielder,4.5
1000694,4293428,Gruev,Ilia,LEE,unexpected,midfielder,4.5
1000694,4293429,Crew,Charlie,LEE,unexpected,midfielder,4.5
1000694,4293430,Gyabi,Darko,LEE,unexpected,midfielder,4.5
1000694,4293431,Aaronson,Brendon,LEE,possible,midfielder,5.5
1000694,4293432,Ramazani,Largie,LEE,unexpected,midfielder,5
1000694,4293433,Gnonto,Wilfried,LEE,expected,midfielder,5.5
1000694,4293434,James,Daniel,LEE,expected,midfielder,6
1000694,4293435,Harrison,Jack,LEE,unexpected,midfielder,5
1000694,4293436,Piroe,Joel,LEE,expected,forward,6
1000694,4293437,Greenwood,Sam,LEE,unexpected,midfielder,5
1000694,4293438,Joseph,Mateo,LEE,unexpected,forward,5
1000694,4293439,Gelhardt,Joe,LEE,unexpected,forward,5
1000694,4293440,Bamford,Patrick,LEE,possible,forward,5
1000694,4293441,Patterson,Anthony,SUN,expected,goalkeeper,4.5
1000694,4293442,Nna Noukeu,Blondy,SUN,unexpected,goalkeeper,4
1000694,4293443,Moore,Simon,SUN,unexpected,goalkeeper,4
1000694,4293444,Ballard,Daniel,SUN,expected,defender,4
1000694,4293445,Seelt,Jenson,SUN,expected,defender,4
1000694,4293446,O'Nien,Luke,SUN,injured,defender,4
1000694,4293447,Alese,Aji,SUN,injured,defender,4
1000694,4293448,Anderson,Joe,SUN,unexpected,defender,4
1000694,4293449,Cirkin,Dennis,SUN,injured,defender,4.5
1000694,4293450,Fuhr Hjelde,Leo,SUN,injured,defender,4
1000694,4293451,Hume,Trai,SUN,expected,defender,4.5
1000694,4293452,Pembele,Timothy,SUN,unexpected,defender,4
1000694,4293453,Huggins,Niall,SUN,possible,defender,4
1000694,4293454,Ekwah,Pierre,SUN,unexpected,midfielder,4.5
1000694,4293455,Triantis,Nectarios,SUN,unexpected,defender,4
1000694,4293456,Diarra,Habib,SUN,expected,midfielder,5
1000694,4293457,Le Fee,Enzo,SUN,expected,midfielder,4.5
1000694,4293458,Neil,Dan,SUN,expected,midfielder,5
1000694,4293459,Browne,Alan,SUN,unexpected,midfielder,4.5
1000694,4293460,Aleksic,Milan,SUN,unexpected,midfielder,4.5
1000694,4293461,Matete,Jay,SUN,unexpected,midfielder,4.5
1000694,4293462,Ba,Abdoullah,SUN,unexpected,midfielder,4.5
1000694,4293463,Rigg,Chris,SUN,unexpected,midfielder,5
1000694,4293465,Mundle,Romaine,SUN,possible,midfielder,5
1000694,4293466,Roberts,Patrick,SUN,possible,midfielder,5.5
1000694,4293467,Poveda,Ian,SUN,unexpected,midfielder,4.5
1000694,4293468,Mayenda,Eliezer,SUN,expected,forward,6
1000694,4293469,Isidor,WIlson,SUN,unexpected,forward,5.5
1000694,4293470,Rusyn,Nazariy,SUN,unexpected,forward,5
1000694,4293471,Abdullahi,Ahmed,SUN,unexpected,forward,5
1000694,4293472,Semedo,Luis,SUN,unexpected,forward,5
1000694,4297973,Zubimendi,Martin,ARS,expected,midfielder,5
1000694,4297974,Sadiki,Noah,SUN,expected,midfielder,4.5
1000694,4297975,Gittens,Jamie,CHE,unexpected,midfielder,6
1000694,4297976,Jesus,Igor,NTG,unexpected,forward,6
1000694,4297977,De Cuyper,Maxim,BHA,expected,defender,4.5
1000694,4297978,Gudmundsson,Gabriel,LEE,expected,defender,4.5
1000694,4297979,Mandava,Reinildo,SUN,expected,defender,4
1000694,4297980,Chukwuemeka,Carney,CHE,unexpected,midfielder,4.5
1000694,4297981,Takai,Kota,TOT,unexpected,defender,4
1000694,4307735,Talbi,Chemsdine,SUN,unexpected,midfielder,5
1000694,4307736,Barry,Thierno,EVE,unexpected,forward,6
1000694,4307737,Sosa,Borna,CRY,unexpected,defender,4.5
1000694,4307738,Cunha ,Jair,NTG,unexpected,defender,4.5
1000694,4307739,Bruun Larsen,Jacob,BUR,expected,midfielder,5
1000694,4307740,Henderson,Jordan,BRE,possible,midfielder,4.5
1000694,4307741,Bizot,Marco,AV,expected,goalkeeper,4.5
1000694,4307742,Diouf,El Hadji Malick,WHU,unexpected,defender,4.5
1000694,4311577,Nypan,Sverre,MCI,unexpected,midfielder,4.5
1000694,4316723,Arias,Jhon,WOL,unexpected,midfielder,6
1000694,4317775,Stach,Anton,LEE,unexpected,midfielder,4.5
1000694,4322253,Ekitike,Hugo,LIV,possible,forward,8.5
1000694,4323283,Mosquera,Cristhian,ARS,unexpected,defender,5.5
1000694,4329251,Lecomte ,Benjamin,FUL,unexpected,goalkeeper,4
1000694,4329252,Perri,Lucas,LEE,unexpected,goalkeeper,4.5
1000694,4329253,Gyokeres,Viktor,ARS,possible,forward,9
1000694,4330835,Aznou,Adam,EVE,unexpected,defender,4
1000694,4332524,Xhaka,Granit,SUN,possible,midfielder,5
1000694,4332525,Ndoye,Dan,NTG,unexpected,midfielder,6.5
1000694,4338689,Roefs,Robin,SUN,unexpected,goalkeeper,4.5
1000694,4338690,Wilson,Callum,WHU,unexpected,forward,5.5
1000694,4338691,Wolfe,David Moller ,WOL,unexpected,defender,4.5
1000694,4338692,Hato,Jorrel,CHE,unexpected,defender,5
1000694,4338693,Palhinha,Joao,TOT,unexpected,midfielder,4.5